title,company,income,location,link
Web Developer for E-commerce Systems - Flexible Time Availab...,Flagship Inc. / フラッグシップ株式会社,月給 30万円 ~ 60万円,在宅OK in 東京都 目黒区,https://jp.indeed.com/%E4%BB%95%E4%BA%8B?jk=60491c7e0fccd0a0
React(-Native)エンジニア【新卒・第二新卒・既卒】,株式会社ヴァレイン,月給 22万円 ~ 40万円,東京都 渋谷区 西原,https://jp.indeed.com/%E4%BB%95%E4%BA%8B?jk=4246597af499ac8f
Principal Software Engineer - Enterprise Search Advertising,Indeed,"年収 1,886万円 ~ 2,735万円",東京都,https://jp.indeed.com/%E4%BB%95%E4%BA%8B?jk=f5336a45c5d67daf
リモートでどこでも働けるフロントエンジニア,株式会社 JOINT CREW 福岡支社,年収 400万円 ~ 700万円,福岡県 福岡市 中央区,https://jp.indeed.com/%E4%BB%95%E4%BA%8B?jk=ef7482b2896fbf65
リモートでどこでも働けるフロントエンジニア,株式会社 JOINT CREW,年収 400万円 ~ 700万円,山口県 下関市その他の勤務地(2),https://jp.indeed.com/%E4%BB%95%E4%BA%8B?jk=62719ec57adf9da0
Software Engineer II - Challenge Markets - Core PTE,Indeed,"年収 1,153万円 ~ 1,671万円",東京都,https://jp.indeed.com/%E4%BB%95%E4%BA%8B?jk=d32e9378529b7db0
リモートで働けるフロントエンジニア,株式会社 JOINT CREW,年収 400万円 ~ 700万円,青森県 青森市その他の勤務地(2),https://jp.indeed.com/%E4%BB%95%E4%BA%8B?jk=8138b7b856b4636f
Staff Software Engineer - Job Search Platform - Job Seeker,Indeed,"年収 1,632万円 ~ 2,367万円",東京都,https://jp.indeed.com/%E4%BB%95%E4%BA%8B?jk=2edd9cd9eb78c346
機械学習エンジニア、データサイエンティスト,ForestAI株式会社,月給 50万円 以上,東京都 中央区 銀座,https://jp.indeed.com/%E4%BB%95%E4%BA%8B?jk=be9fafabcda91110
時間を選べるフロントエンジニア,株式会社 JOINT CREW,年収 400万円 ~ 700万円,青森県 八戸市その他の勤務地(4),https://jp.indeed.com/%E4%BB%95%E4%BA%8B?jk=9e6bfb385df9e75e
フルリモート可のフロントエンジニア,株式会社 JOINT CREW,年収 400万円 ~ 700万円,福井県 福井市その他の勤務地(1),https://jp.indeed.com/%E4%BB%95%E4%BA%8B?jk=c0a6642e4f83c413
技術者主体で働けるフロントエンジニア,株式会社 JOINT CREW,年収 400万円 ~ 700万円,広島県 広島市その他の勤務地(2),https://jp.indeed.com/%E4%BB%95%E4%BA%8B?jk=a90fd22167edf892
【WEBエンジニア】WEB開発,株式会社パートナー,月給 30万円 ~ 80万円,神奈川県 横浜市その他の勤務地(1),https://jp.indeed.com/%E4%BB%95%E4%BA%8B?jk=711c0c23b6966cbd
若者の多い環境でのフロントエンジニア,株式会社 JOINT CREW,年収 400万円 ~ 700万円,青森県 弘前市その他の勤務地(2),https://jp.indeed.com/%E4%BB%95%E4%BA%8B?jk=2d83a763c1fec63f
常に最新の言語を扱うフロントエンジニア,株式会社 JOINT CREW,年収 400万円 ~ 700万円,大分県 別府市その他の勤務地(2),https://jp.indeed.com/%E4%BB%95%E4%BA%8B?jk=5380fff50fe93473
努力と成果が給与に反映されるフロントエンジニア,株式会社 JOINT CREW,年収 400万円 ~ 700万円,佐賀県 佐賀市その他の勤務地(2),https://jp.indeed.com/%E4%BB%95%E4%BA%8B?jk=4810695954d0cf7f
フルリモート可のフロントエンジニア,株式会社 JOINT CREW 大阪支社,年収 400万円 ~ 700万円,大阪府 大阪市 中央区,https://jp.indeed.com/%E4%BB%95%E4%BA%8B?jk=401b86986a05ff85
更なるスキルアップを!フロントエンジニア,株式会社 JOINT CREW 福岡支社,年収 400万円 ~ 700万円,福岡県 八女市,https://jp.indeed.com/%E4%BB%95%E4%BA%8B?jk=1e15e349a79e62ae
エンジニアドリブンな環境でのフロントエンジニア,株式会社 JOINT CREW 東京本社,年収 400万円 ~ 700万円,埼玉県 さいたま市 南区その他の勤務地(1),https://jp.indeed.com/%E4%BB%95%E4%BA%8B?jk=a425de9ac329589e
時間を選べるフロントエンジニア,株式会社 JOINT CREW 東京本社,年収 400万円 ~ 700万円,千葉県 千葉市 中央区その他の勤務地(2),https://jp.indeed.com/%E4%BB%95%E4%BA%8B?jk=a5ca898421c22f40
幅広い領域の開発を担当するフロントエンジニア,株式会社 JOINT CREW,年収 400万円 ~ 700万円,高知県 高知市その他の勤務地(2),https://jp.indeed.com/%E4%BB%95%E4%BA%8B?jk=94612e8e458c8df3
リモートでどこでも働けるフロントエンジニア,株式会社 JOINT CREW 東京本社,年収 400万円 ~ 700万円,神奈川県 川崎市 中原区その他の勤務地(1),https://jp.indeed.com/%E4%BB%95%E4%BA%8B?jk=89e92870e557ad44
常に最新の言語を扱うフロントエンジニア,株式会社 JOINT CREW 福岡支社,年収 400万円 ~ 700万円,福岡県 久留米市,https://jp.indeed.com/%E4%BB%95%E4%BA%8B?jk=b63670384573cb88
自社サービス開発を担当するフロントエンジニア,株式会社 JOINT CREW,年収 400万円 ~ 700万円,宮城県 仙台市その他の勤務地(2),https://jp.indeed.com/%E4%BB%95%E4%BA%8B?jk=1b04793f5f25583e
自社開発Webシステムエンジニア,有限会社テクノアルカディア,"時給 1,200円 ~ 2,000円",愛知県 名古屋市 中区 栄,https://jp.indeed.com/%E4%BB%95%E4%BA%8B?jk=764a29312b88c8b5
高いスキルが確実に身につくフロントエンジニア,株式会社 JOINT CREW,年収 400万円 ~ 700万円,香川県 丸亀市その他の勤務地(2),https://jp.indeed.com/%E4%BB%95%E4%BA%8B?jk=8c853971c0597e88
HTML/CSS コーダー(マークアップエンジニア),株式会社PRODUCTION C-TIME,月給 18万円 ~ 22万円,在宅OK in 神奈川県 横浜市,https://jp.indeed.com/%E4%BB%95%E4%BA%8B?jk=a6a118b1585c8404
エンジニアが8割を占める職場のフロントエンジニア,株式会社 JOINT CREW,年収 400万円 ~ 700万円,三重県 津市,https://jp.indeed.com/%E4%BB%95%E4%BA%8B?jk=3cbe64de5da329ad
フルリモート可のフロントエンジニア,株式会社 JOINT CREW 福岡支社,年収 400万円 ~ 700万円,福岡県 田川市,https://jp.indeed.com/%E4%BB%95%E4%BA%8B?jk=c4554355d5b584d8
リモートで働けるフロントエンジニア,株式会社 JOINT CREW 東京本社,年収 400万円 ~ 700万円,埼玉県 上尾市その他の勤務地(2),https://jp.indeed.com/%E4%BB%95%E4%BA%8B?jk=a7d8daf3d1453ee9
【経験を活かせる】React,株式会社ヘルスベイシス,月給 50万円 ~ 60万円,福岡県 福岡市 博多区その他の勤務地(3),https://jp.indeed.com/%E4%BB%95%E4%BA%8B?jk=1c2b6af6c719e494
自社サービスの開発あり!フロントエンジニア,株式会社 JOINT CREW,年収 400万円 ~ 700万円,岐阜県 岐阜市その他の勤務地(1),https://jp.indeed.com/%E4%BB%95%E4%BA%8B?jk=40074267cafa8773
更なるスキルアップを!フロントエンジニア,株式会社 JOINT CREW,年収 400万円 ~ 700万円,北海道 岩見沢市その他の勤務地(1),https://jp.indeed.com/%E4%BB%95%E4%BA%8B?jk=bf1c5f8e7035e905
エンジニアドリブンな環境でのフロントエンジニア,株式会社 JOINT CREW,年収 400万円 ~ 700万円,宮崎県 宮崎市その他の勤務地(2),https://jp.indeed.com/%E4%BB%95%E4%BA%8B?jk=783abd119cbfda92
Flutterエンジニア(WEB・アプリ系),atocos株式会社,"時給 1,500円 ~ 3,500円",神奈川県 横浜市 西区 みなとみらい,https://jp.indeed.com/%E4%BB%95%E4%BA%8B?jk=dd5b231b13c23f5f
【Javascript・React・在宅勤務】フロントエンドエンジニア,リクルーティング・パートナーズ株式会社,月給 30万円 ~ 50万円,在宅OK in 福岡県 福岡市 中央区 天神,https://jp.indeed.com/%E4%BB%95%E4%BA%8B?jk=074d06135c26ba37
[フルリモート可][週5相当] フロントエンドエンジニア,つばさ株式会社,月給 32万円 以上,在宅OK in 東京都 港区 北青山,https://jp.indeed.com/%E4%BB%95%E4%BA%8B?jk=67b8164e56383af9
フロントエンドエンジニア,任天堂株式会社,None information,京都府 京都市 南区,https://jp.indeed.com/%E4%BB%95%E4%BA%8B?jk=381689276493fd60
Flutter又はReactでアプリ開発/WEB開発エンジニア(フルリモート勤務可),株式会社プライムスタイル,月給 20万円 ~ 50万円,東京都 新宿区 早稲田鶴巻町,https://jp.indeed.com/%E4%BB%95%E4%BA%8B?jk=a7447a8caf96c2d4
Reactエンジニア,株式会社コネクティル,"時給 1,800円 ~ 2,500円",在宅OK in 東京都 千代田区 岩本町その他の勤務地(1),https://jp.indeed.com/%E4%BB%95%E4%BA%8B?jk=de03590814fb91fd
【WEBエンジニア】WEBエンジニア,株式会社パートナー,月給 25万円 ~ 60万円,神奈川県 横浜市,https://jp.indeed.com/%E4%BB%95%E4%BA%8B?jk=6f5dd5132ff56bff
若者の多い環境でのフロントエンジニア,株式会社 JOINT CREW 福岡支社,年収 400万円 ~ 700万円,福岡県 飯塚市,https://jp.indeed.com/%E4%BB%95%E4%BA%8B?jk=6ae8d01b2f0784f1
Webエンジニア,Onebox株式会社,"時給 2,500円 ~ 5,000円",在宅OK in 東京都 港区 南青山,https://jp.indeed.com/%E4%BB%95%E4%BA%8B?jk=9e4ec63ea85b0378
ウェブサイト開発,株式会社 Legame,月給 45万円 ~ 55万円,東京都 23区,https://jp.indeed.com/%E4%BB%95%E4%BA%8B?jk=ae103ca91f9c3f88
Reactエンジニア,Resource株式会社,"時給 2,000円 ~ 5,000円",在宅OK in 東京都 渋谷区,https://jp.indeed.com/%E4%BB%95%E4%BA%8B?jk=cf1c7d1a7aec99d3
【本選考直結】Dive into MIXI 2022 夏季(エンジニア),株式会社ミクシィ,"時給 2,500円",東京都 渋谷区 渋谷,https://jp.indeed.com/%E4%BB%95%E4%BA%8B?jk=8fb48f4e330662e8
プログラマ,株式会社Wisdom Key,月給 20万円 ~ 50万円,福岡県 福岡市 博多区 大博町,https://jp.indeed.com/%E4%BB%95%E4%BA%8B?jk=502dabab5bfb666c
Webエンジニア(大阪)/その他メーカー系,株式会社 キングプリンターズ,年収 400万円 ~ 500万円,大阪府 大阪市 西淀川区 千舟,https://jp.indeed.com/%E4%BB%95%E4%BA%8B?jk=3373a93413859e91
オンラインクリニック事業開発(Laravel/React),株式会社光夢,月給 30万円 ~ 70万円,在宅OK in 東京都 23区,https://jp.indeed.com/%E4%BB%95%E4%BA%8B?jk=9746c0fa2d29ca4c
System Test Engineer (Peripherals),Apple,None information,東京都 23区,https://jp.indeed.com/%E4%BB%95%E4%BA%8B?jk=476d059010a9ef16
池袋/ITエンジニア,スタートリンク株式会社,月給 20万円 ~ 25万円,東京都 豊島区 池袋その他の勤務地(2),https://jp.indeed.com/%E4%BB%95%E4%BA%8B?jk=ebf6f32d6f8e3391
若いうちから活躍できるフロントエンジニア,株式会社 JOINT CREW,年収 400万円 ~ 700万円,栃木県 宇都宮市,https://jp.indeed.com/%E4%BB%95%E4%BA%8B?jk=95f9e517dba49998
【React】海外向けサービスにおけるフロントエンドエンジニア【ビジネスカジュアル】,非公開,月給 65万円,東京都 渋谷区 渋谷駅,https://jp.indeed.com/%E4%BB%95%E4%BA%8B?jk=0e41cdfb4fb0b9bb
若いうちから活躍できるフロントエンジニア,株式会社 JOINT CREW 福岡支社,年収 400万円 ~ 700万円,福岡県 福岡市 博多区,https://jp.indeed.com/%E4%BB%95%E4%BA%8B?jk=1e0252db44dbadb9
【React】短尺漫画の投稿用webサイト開発案件,非公開,月給 95万円,東京都 港区 赤坂,https://jp.indeed.com/%E4%BB%95%E4%BA%8B?jk=782f74cb1b53e8fb
【経験を活かせる】React/Django,株式会社ヘルスベイシス,月給 70万円 ~ 80万円,東京都 文京区 本郷三丁目駅,https://jp.indeed.com/%E4%BB%95%E4%BA%8B?jk=dfcbeb24ba044677
【React/TypeScript / ~40歳まで】toCプロダクトにおけるフロントエンド開発,非公開,月給 85万円 ~ 90万円,東京都 中央区 京橋駅,https://jp.indeed.com/%E4%BB%95%E4%BA%8B?jk=370586759768686d
(湘南)フルスタックエンジニア_未経験枠/インターネット/Webサービス・ASP,株式会社 BTM,年収 300万円 ~ 400万円,神奈川県 藤沢市 辻堂神台,https://jp.indeed.com/%E4%BB%95%E4%BA%8B?jk=74bba3cb0279a5bc
【JavaScript(React)】フロントチームの立ち上げ/リードエンジニア募集,非公開,月給 65万円,東京都 23区,https://jp.indeed.com/%E4%BB%95%E4%BA%8B?jk=54de914e81ce7ec2
System Test Engineer (Peripherals),Apple,None information,東京都 23区,https://jp.indeed.com/%E4%BB%95%E4%BA%8B?jk=476d059010a9ef16
【HTML】大手求人系会社にてフロント開発業務,株式会社エクストリーム,月給 65万円,東京都 豊島区,https://jp.indeed.com/%E4%BB%95%E4%BA%8B?jk=de9606f1e184228e
【Angular/React/Vue】フロントエンド開発(Angular、React、Vueでの開発経験1年以上の方),非公開,月給 55万円,東京都 新宿区,https://jp.indeed.com/%E4%BB%95%E4%BA%8B?jk=f4b7040b5eb96a7e
【WEBエンジニア】WEBエンジニア,株式会社パートナー,月給 25万円 ~ 60万円,神奈川県 横浜市,https://jp.indeed.com/%E4%BB%95%E4%BA%8B?jk=6f5dd5132ff56bff
【完全週休2日】完全未経験からプロのシステムエンジニアになれる!,株式会社サニー情報システム,月給 24万円 ~ 45万円,愛知県 名古屋市 中区その他の勤務地(1),https://jp.indeed.com/%E4%BB%95%E4%BA%8B?jk=77800d9860c5d06c
Reactエンジニア,Resource株式会社,"時給 2,000円 ~ 5,000円",在宅OK in 東京都 渋谷区,https://jp.indeed.com/%E4%BB%95%E4%BA%8B?jk=cf1c7d1a7aec99d3
【TypeScript/Vue/React】BaaSサービスのフロントエンドエンジニア募集|フルリモート,株式会社ビズリンク,月給 60万円 ~ 70万円,ハイブリッド勤務 in 東京都 新宿区 新宿駅,https://jp.indeed.com/%E4%BB%95%E4%BA%8B?jk=8af145a521882649
【JavaScript(React)】Shopifyアプリの保守開発【リモートOK】,非公開,月給 45万円,東京都 台東区 浅草橋,https://jp.indeed.com/%E4%BB%95%E4%BA%8B?jk=00763d04eaf4f8ad
【Laravel/React/~40歳まで/3月稼働開始】PHPエンジニア,非公開,月給 70万円 ~ 75万円,東京都 渋谷区,https://jp.indeed.com/%E4%BB%95%E4%BA%8B?jk=7cb1499e163db93b
【React/TypeScript/4月稼働開始/20代30代活躍中】webアプリケーションのフロントエンド開発,非公開,月給 60万円 ~ 65万円,東京都 渋谷区,https://jp.indeed.com/%E4%BB%95%E4%BA%8B?jk=ab8ebe4220ee9cb6
【React/~40歳まで/3月稼働開始】業務活用API開発,非公開,月給 80万円 ~ 85万円,東京都 千代田区 市ケ谷駅,https://jp.indeed.com/%E4%BB%95%E4%BA%8B?jk=ab5cad17085c5634
"【React, TypeScript/週2日~/フルリモート】自社サービス開発におけるフロントエンド開発業務案件",株式会社クラウドワークス,月給 90万円,東京都 港区 表参道駅,https://jp.indeed.com/%E4%BB%95%E4%BA%8B?jk=66c2a5a684cbf1b4
HTML/CSS コーダー(マークアップエンジニア),株式会社PRODUCTION C-TIME,月給 18万円 ~ 22万円,在宅OK in 神奈川県 横浜市,https://jp.indeed.com/%E4%BB%95%E4%BA%8B?jk=a6a118b1585c8404
【React/週3日~/フルリモート】レンタル業界の業務アプリケーション開発案件,株式会社クラウドワークス,月給 75万円,東京都 文京区 湯島駅,https://jp.indeed.com/%E4%BB%95%E4%BA%8B?jk=99f18c93b1e76aed
フルリモート|【React/Go】新規メッセージサービス開発案件|渋谷|No.3548,非公開,月給 70万円,東京都 渋谷区,https://jp.indeed.com/%E4%BB%95%E4%BA%8B?jk=b13e137edfdc4f17
Webエンジニア(大阪)/その他メーカー系,株式会社 キングプリンターズ,年収 400万円 ~ 500万円,大阪府 大阪市 西淀川区 千舟,https://jp.indeed.com/%E4%BB%95%E4%BA%8B?jk=3373a93413859e91
Frontend Engineer,PayPay,None information,東京都,https://jp.indeed.com/%E4%BB%95%E4%BA%8B?jk=71bdf81b68b9b4a1
【フロントエンドエンジニア】シニアエンジニア/スクラムベースのアジャイル開発/フルリモート,株式会社KDDIウェブコミュニケーションズ,年収 600万円 ~ 800万円,東京都 港区 外苑前駅,https://jp.indeed.com/%E4%BB%95%E4%BA%8B?jk=babe4f2297642e35
Webエンジニア(23年新卒)/Webマーケティング・ネット広告,SO Technologies 株式会社,年収 311万円,在宅OK in 東京都 文京区 後楽,https://jp.indeed.com/%E4%BB%95%E4%BA%8B?jk=a71421f15ba7ccba
フロントエンドエンジニア,任天堂株式会社,None information,京都府 京都市 南区,https://jp.indeed.com/%E4%BB%95%E4%BA%8B?jk=381689276493fd60
QAエンジニア/ソフトウェア/パッケージベンダ,株式会社 リバスタ,年収 500万円 ~ 770万円,東京都 江東区 豊洲,https://jp.indeed.com/%E4%BB%95%E4%BA%8B?jk=a8549d6c3eefc0c2
[フルリモート可][週2以上]フロントエンド開発エンジニア,つばさ株式会社,月給 20万円 ~ 80万円,東京都 港区 北青山,https://jp.indeed.com/%E4%BB%95%E4%BA%8B?jk=09a1730f3f5fdfe0
フィンテクサービスのフロントエンドエンジニアReact求む!急募/インターネット/Webサービス・ASP,株式会社 MILIZE,年収 500万円 ~ 800万円,東京都 港区 芝浦,https://jp.indeed.com/%E4%BB%95%E4%BA%8B?jk=e7cf918eed0bcf31
フルリモート可/業務経験者のみ【フロントエンド(React / TypeScript)】グルメ系サービス|業務委託|精算...,レバテッククリエイター,月給 60万円,在宅OK in 神奈川県,https://jp.indeed.com/%E4%BB%95%E4%BA%8B?jk=fc09e61302110783
【未経験枠】WEBプログラマー/リモート研修最長3か月,株式会社エンライズコーポレーション,月給 22.5万円 ~ 25.0万円,東京都 渋谷区その他の勤務地(3),https://jp.indeed.com/%E4%BB%95%E4%BA%8B?jk=f8573b15b4dfc27f
特許出願中のSaaSプログラマー・AWSエンジニア(アルバイトから正社員転換可),シーライヴ株式会社,"時給 1,100円 以上",大阪府 大阪市 中央区 本町駅,https://jp.indeed.com/%E4%BB%95%E4%BA%8B?jk=1950989d207e4a21
Web系クリエイター,株式会社SAKURUG,月給 25万円 ~ 70万円,神奈川県 横浜市 保土ケ谷区その他の勤務地(3),https://jp.indeed.com/%E4%BB%95%E4%BA%8B?jk=ac440ba7229972ad
【React.js】電子カルテ開発案件,非公開,月給 65万円,福岡県 福岡市 博多区,https://jp.indeed.com/%E4%BB%95%E4%BA%8B?jk=5afa878bad82b907
【React/即日稼働開始】ポータル系コンテンツの設計支援,非公開,月給 85万円 ~ 90万円,東京都 江東区 豊洲,https://jp.indeed.com/%E4%BB%95%E4%BA%8B?jk=163f33eb509212b0
【TypeScrip・React/週1日~/フルリモート】学生と共に開発する受託案件業務案件,株式会社クラウドワークス,月給 54万円,東京都 千代田区 飯田橋駅,https://jp.indeed.com/%E4%BB%95%E4%BA%8B?jk=55d5727da23788fd
【React.js/3月稼働開始】コミュニケーションツール開発プロジェクト,非公開,月給 75万円 ~ 80万円,東京都 豊島区 池袋,https://jp.indeed.com/%E4%BB%95%E4%BA%8B?jk=64a0cca7fd017f65
【React / 20代30代活躍中】請求書管理システムのエンハンス開発,非公開,月給 59万円 ~ 64万円,東京都 渋谷区,https://jp.indeed.com/%E4%BB%95%E4%BA%8B?jk=03911d50157dc800
【React/週3日~/フルリモート】ライブ配信サービスの管理画面開発業務案件,株式会社クラウドワークス,月給 75万円,東京都 港区 表参道駅,https://jp.indeed.com/%E4%BB%95%E4%BA%8B?jk=136e8b67f8e57aad
テスター,SUN株式会社,月給 25万円 ~ 50万円,福岡県 福岡市 博多区 博多駅東その他の勤務地(1),https://jp.indeed.com/%E4%BB%95%E4%BA%8B?jk=9e111224a553cc91
【React/TypeScript/3月稼働開始/20代30代活躍中】新規プラットフォーム開発,非公開,月給 85万円 ~ 90万円,東京都 渋谷区,https://jp.indeed.com/%E4%BB%95%E4%BA%8B?jk=4ef803b7f6ea6f32
WEB系システムエンジニア(テレワーク可),株式会社ワサビ,月給 25万円 ~ 40万円,在宅OK in 大阪府 大阪市 北区 梅田駅,https://jp.indeed.com/%E4%BB%95%E4%BA%8B?jk=580a92a545e6e4e9
ポテンシャル エンジニア/Webマーケティング・ネット広告,株式会社 ARISE analytics,年収 420万円 ~ 870万円,東京都 渋谷区 渋谷,https://jp.indeed.com/%E4%BB%95%E4%BA%8B?jk=34aba8f500dbf709
テスター/テストエンジニア,bluecode(株),月給 40万円 ~ 80万円,神奈川県 鎌倉市,https://jp.indeed.com/%E4%BB%95%E4%BA%8B?jk=98a485a8ad19dd1f
Flutterエンジニア(業務委託),株式会社ペンマーク,"時給 5,000円",東京都 港区 六本木,https://jp.indeed.com/%E4%BB%95%E4%BA%8B?jk=58113f4efcac86f2
Webエンジニア,Onebox株式会社,"時給 2,500円 ~ 5,000円",在宅OK in 東京都 港区 南青山,https://jp.indeed.com/%E4%BB%95%E4%BA%8B?jk=9e4ec63ea85b0378
Software Engineer - Frontend,Belong Inc,年収 400万円 ~ 750万円,東京都 港区 赤坂駅,https://jp.indeed.com/%E4%BB%95%E4%BA%8B?jk=2b283dde59f13958
ポテンシャル エンジニア/Webマーケティング・ネット広告,株式会社 ARISE analytics,年収 420万円 ~ 870万円,東京都 渋谷区 渋谷,https://jp.indeed.com/%E4%BB%95%E4%BA%8B?jk=34aba8f500dbf709
テスター/テストエンジニア,bluecode(株),月給 40万円 ~ 80万円,神奈川県 鎌倉市,https://jp.indeed.com/%E4%BB%95%E4%BA%8B?jk=98a485a8ad19dd1f
Flutterエンジニア(業務委託),株式会社ペンマーク,"時給 5,000円",東京都 港区 六本木,https://jp.indeed.com/%E4%BB%95%E4%BA%8B?jk=58113f4efcac86f2
Webエンジニア,Onebox株式会社,"時給 2,500円 ~ 5,000円",在宅OK in 東京都 港区 南青山,https://jp.indeed.com/%E4%BB%95%E4%BA%8B?jk=9e4ec63ea85b0378
Software Engineer - Frontend,Belong Inc,年収 400万円 ~ 750万円,東京都 港区 赤坂駅,https://jp.indeed.com/%E4%BB%95%E4%BA%8B?jk=2b283dde59f13958
プログラマ,株式会社Wisdom Key,月給 20万円 ~ 50万円,福岡県 福岡市 博多区 大博町,https://jp.indeed.com/%E4%BB%95%E4%BA%8B?jk=502dabab5bfb666c
【経験を活かせる】フリーランスエンジニア React/リモート,株式会社ヘルスベイシス,月給 60万円 ~ 80万円,東京都 渋谷区 渋谷駅,https://jp.indeed.com/%E4%BB%95%E4%BA%8B?jk=3dca94d878371908
オンラインクリニック事業開発(Laravel/React),株式会社光夢,月給 30万円 ~ 70万円,在宅OK in 東京都 23区,https://jp.indeed.com/%E4%BB%95%E4%BA%8B?jk=9746c0fa2d29ca4c
【フロントエンドエンジニア】フルリモート/フレックス制/スタートアップ企業,株式会社HRBrain,年収 400万円 ~ 800万円,東京都 渋谷区 渋谷,https://jp.indeed.com/%E4%BB%95%E4%BA%8B?jk=92aaf91230e33cab
(札幌)フルスタックエンジニア_未経験枠/インターネット/Webサービス・ASP,株式会社 BTM,年収 300万円 ~ 400万円,北海道 札幌市 中央区 北三条西,https://jp.indeed.com/%E4%BB%95%E4%BA%8B?jk=55bc028a474e75f0
ショッピングECのフロントエンド,株式会社ビズリンク,月給 65万円,東京都 渋谷区 渋谷駅,https://jp.indeed.com/%E4%BB%95%E4%BA%8B?jk=f09de37f0d7a4911
Androidアプリエンジニア/インターネット/Webサービス・ASP,ウェルスタイル 株式会社,年収 300万円 ~ 900万円,東京都 渋谷区 恵比寿,https://jp.indeed.com/%E4%BB%95%E4%BA%8B?jk=ddf79d471fb04d4e
【Ruby/週3日~/フルリモート】Rubyを利用したプログラミング業務案件,株式会社クラウドワークス,月給 75万円,東京都 渋谷区 神泉駅,https://jp.indeed.com/%E4%BB%95%E4%BA%8B?jk=043b24f24bd11893
【本選考直結】Dive into MIXI 2022 夏季(エンジニア),株式会社ミクシィ,"時給 2,500円",東京都 渋谷区 渋谷,https://jp.indeed.com/%E4%BB%95%E4%BA%8B?jk=8fb48f4e330662e8
「fotowa」テックリード/広告・デザイン・イベント,ピクスタ 株式会社,年収 650万円 ~ 800万円,東京都 渋谷区 渋谷,https://jp.indeed.com/%E4%BB%95%E4%BA%8B?jk=1e9033efcbd9a225
【経験を活かせる】フリーランスエンジニア React,株式会社ヘルスベイシス,月給 60万円 ~ 70万円,東京都 立川市 立川駅その他の勤務地(5),https://jp.indeed.com/%E4%BB%95%E4%BA%8B?jk=db312cabf8170f0e
バイト　新サービスの開発に携わるフロントエンドエンジニア!(教育系アプリ),株式会社メイツ,"時給 1,200円 ~ 2,000円",東京都 新宿区 高田馬場駅,https://jp.indeed.com/%E4%BB%95%E4%BA%8B?jk=142d4f56595b1df2
Shopifyエンジニア,NERD株式会社,"時給 1,500円 ~ 5,000円",在宅OK in 東京都 墨田区,https://jp.indeed.com/%E4%BB%95%E4%BA%8B?jk=5875c9a1c8289b95
react、TypeScript Reactアプリ開発,株式会社PE-BANK,None information,東京都,https://jp.indeed.com/%E4%BB%95%E4%BA%8B?jk=cdd1bcb51923acd4
Webエンジニア/インターネット/Webサービス・ASP,株式会社 おいしい健康,"年収 450万円 ~ 1,000万円",東京都 中央区 日本橋小舟町,https://jp.indeed.com/%E4%BB%95%E4%BA%8B?jk=db2a319f6a877031
【React Native/週1日~/フルリモート】マップ連動(AR)型SNSにおけるアプリ開発業務案件,株式会社クラウドワークス,月給 90万円,東京都 千代田区 秋葉原駅,https://jp.indeed.com/%E4%BB%95%E4%BA%8B?jk=fa70c2661fee1c6b
【インターンシップ】 急成長スタートアップ/学生,Qasee株式会社,None information,東京都 港区 芝浦,https://jp.indeed.com/%E4%BB%95%E4%BA%8B?jk=8d70c30e7118d313
【TypeScript・React/週5日/フルリモート】ブロックチェーンWebアプリケーション製品開発リーダー業務案件,株式会社クラウドワークス,月給 80万円,東京都 渋谷区 渋谷駅,https://jp.indeed.com/%E4%BB%95%E4%BA%8B?jk=6cf96cddfa20ecaf
【React / ~40歳まで】特定業種に特化した求人ポータルサイトの新規構築,非公開,月給 70万円 ~ 75万円,ハイブリッド勤務 in 東京都 千代田区 秋葉原駅,https://jp.indeed.com/%E4%BB%95%E4%BA%8B?jk=9d30494eca7c1a56
【フロントエンドエンジニア】/インターネット/Webサービス・ASP,株式会社 ARIGATOBANK,年収 500万円 ~ 800万円,東京都 千代田区 麹町,https://jp.indeed.com/%E4%BB%95%E4%BA%8B?jk=09f611cae7bcaeb6
【PHP(Laravel)】Webエンジニア募集,非公開,月給 65万円,東京都 世田谷区 池尻大橋駅,https://jp.indeed.com/%E4%BB%95%E4%BA%8B?jk=84167f9ad102b0c5
フロントエンドエンジニア,株式会社CUUSOO SYSTEM,None information,東京都 品川区 東五反田,https://jp.indeed.com/%E4%BB%95%E4%BA%8B?jk=2c53efe0a4e37990
【Java/20代・30代活躍中】金融業パッケージ,非公開,月給 59万円 ~ 64万円,東京都 渋谷区,https://jp.indeed.com/%E4%BB%95%E4%BA%8B?jk=a202fe292dc7309c
Flutter又はReactでアプリ開発/WEB開発エンジニア(フルリモート勤務可),株式会社プライムスタイル,月給 20万円 ~ 50万円,東京都 新宿区 早稲田鶴巻町,https://jp.indeed.com/%E4%BB%95%E4%BA%8B?jk=a7447a8caf96c2d4
【JavaScript(React)/週4日~/フルリモート】自社ECサービスにおけるフロントエンド開発業務案件,株式会社クラウドワークス,月給 70万円,ハイブリッド勤務 in 東京都 渋谷区 代官山駅,https://jp.indeed.com/%E4%BB%95%E4%BA%8B?jk=8670262c0540e23f
【React/週4日~/フルリモート】新規プロダクトの開発業務案件,株式会社クラウドワークス,月給 80万円,東京都 渋谷区 渋谷駅,https://jp.indeed.com/%E4%BB%95%E4%BA%8B?jk=55e95513c0bb0f40
フロントエンドエンジニア/インターネット/Webサービス・ASP,株式会社 スペースマーケット,年収 400万円 ~ 600万円,東京都 渋谷区 神宮前,https://jp.indeed.com/%E4%BB%95%E4%BA%8B?jk=dddfd6708a0c403b
マークアップエンジニア,company name: none,月給 45万円,東京都 渋谷区 渋谷駅,https://jp.indeed.com/%E4%BB%95%E4%BA%8B?jk=cbfe822d2d73129a
ITエンジニア/JavaやReactを使ったシステム開発,エクスウェア株式会社,月給 23万円 以上,東京都 品川区,https://jp.indeed.com/%E4%BB%95%E4%BA%8B?jk=ba8860102f1bfa49
システムエンジニア,株式会社ジンアース,月給 30万円 ~ 70万円,神奈川県 横浜市 西区 みなとみらいその他の勤務地(4),https://jp.indeed.com/%E4%BB%95%E4%BA%8B?jk=f57b3af0c5f4d0a8
モバイルアプリエンジニア/インターネット/Webサービス・ASP,株式会社 スペースマーケット,年収 400万円 ~ 600万円,東京都 渋谷区 神宮前,https://jp.indeed.com/%E4%BB%95%E4%BA%8B?jk=efdb69782577f33f
【フロントエンドエンジニア】Engineering事業/会社のコアメンバーとして活躍できます,Fabeee株式会社,年収 300万円 ~ 600万円,東京都 新宿区,https://jp.indeed.com/%E4%BB%95%E4%BA%8B?jk=0c0ceaa85485ea81
SE,アイレット株式会社,月給 25万円 ~ 42万円,愛知県 名古屋市 中村区 名古屋駅その他の勤務地(2),https://jp.indeed.com/%E4%BB%95%E4%BA%8B?jk=21d146b92f172653
フロントエンド,company name: none,月給 50万円,東京都 渋谷区 初台,https://jp.indeed.com/%E4%BB%95%E4%BA%8B?jk=1eb526157a7e2784
【PHP/20代30代活躍中】勤怠管理システム開発,非公開,月給 60万円 ~ 65万円,東京都 新宿区,https://jp.indeed.com/%E4%BB%95%E4%BA%8B?jk=b6d9efb54a602050
フロントエンジニア,株式会社BANANA,"年収 260万円 ~ 1,000万円",東京都 港区 南青山,https://jp.indeed.com/%E4%BB%95%E4%BA%8B?jk=ca5825a939d1db66
"未経験Webエンジニア|HTML,CSS,JavaScript",株式会社エンジンゴテン,月給 17万円 以上,福岡県 福岡市,https://jp.indeed.com/%E4%BB%95%E4%BA%8B?jk=73807d3d8dd9d371
React/有名エンタメ企業の動画配信サービス開発,株式会社Fittio,None information,東京都 港区 六本木一丁目駅,https://jp.indeed.com/%E4%BB%95%E4%BA%8B?jk=ef3c7bbbc49b8c35
ウェブサイト開発,株式会社 Legame,月給 45万円 ~ 55万円,東京都 23区,https://jp.indeed.com/%E4%BB%95%E4%BA%8B?jk=ae103ca91f9c3f88
Software Engineer – Frontend,株式会社Belong,年収 500万円 ~ 750万円,東京都 港区 赤坂,https://jp.indeed.com/%E4%BB%95%E4%BA%8B?jk=d7c450e8e70e408b
Fraud Risk Interceptor運用担当 【Forensic】,PwCアドバイザリー合同会社,None information,東京都 千代田区 大手町,https://jp.indeed.com/%E4%BB%95%E4%BA%8B?jk=6a7e7b8080106557
Webエンジニア　フルリモート,株式会社visum,年収 300万円 ~ 600万円,在宅OK in 東京都 新宿区,https://jp.indeed.com/%E4%BB%95%E4%BA%8B?jk=84d62435313d8b24
新規事業の企画(モダンな言語),株式会社JapanTechnology　本社,月給 56万円,東京都 港区 芝大門,https://jp.indeed.com/%E4%BB%95%E4%BA%8B?jk=b7454cbb3c09078a
土木工事作業員,合同会社React,"日給 8,000円 ~ 12,000円",鹿児島県 鹿児島市,https://jp.indeed.com/%E4%BB%95%E4%BA%8B?jk=4a718d3f14688fd0
フルリモート可能/【PHP/Laravel】ECサイト開発/SE(システムエンジニア)/経験者のみ/週3以上OK,レバテックフリーランス,月給 38万円,在宅OK in 神奈川県,https://jp.indeed.com/%E4%BB%95%E4%BA%8B?jk=bc2e52fe86a5c2e0
フロントエンドエンジニア,株式会社トライビート,月給 40万円 ~ 50万円,北海道 札幌市 中央区 南一条西,https://jp.indeed.com/%E4%BB%95%E4%BA%8B?jk=c1ae676fb8d1a18b
学生パートナー,エヌ次元株式会社,None information,東京都 渋谷区 渋谷駅,https://jp.indeed.com/%E4%BB%95%E4%BA%8B?jk=b6b2603f5f3592fb
Mediabrands>UM,株式会社マッキャン・ワールドグループホールディングス,None information,東京都 港区 南青山,https://jp.indeed.com/%E4%BB%95%E4%BA%8B?jk=0f0d100ea9119267
【フルリモート/業務委託】React/TypeScriptエンジニアポジション,GAOGAO株式会社,"時給 2,000円 ~ 5,000円",在宅OK in 秋田県 大館市,https://jp.indeed.com/%E4%BB%95%E4%BA%8B?jk=28f7d0f07a463856
リードエンジニア,スパイスファクトリー株式会社 スパイスファクトリー本社,月給 40.1万円 ~ 53.6万円,東京都 台東区 浅草橋,https://jp.indeed.com/%E4%BB%95%E4%BA%8B?jk=a47fc1002fc2f63d
未経験からのIoT、AI、VR等の最先端のテクノ ロジーエンジニア(未経験応援),株式会社ビックボイス,月給 20万円 ~ 50万円,北海道 札幌市,https://jp.indeed.com/%E4%BB%95%E4%BA%8B?jk=35e92d5c440248e0
フロントエンドエンジニア,株式会社CUUSOO SYSTEM,None information,東京都 品川区 東五反田,https://jp.indeed.com/%E4%BB%95%E4%BA%8B?jk=2c53efe0a4e37990
ゲーム開発環境エンジニア,任天堂株式会社,None information,東京都 千代田区 神田錦町その他の勤務地(1),https://jp.indeed.com/%E4%BB%95%E4%BA%8B?jk=9234ae83e6f26650
Webコーダー/Webデザイナー/Webディレクター,株式会社アルス・ノヴァ,月給 25万円 ~ 60万円,福岡県 福岡市 中央区 天神駅,https://jp.indeed.com/%E4%BB%95%E4%BA%8B?jk=1472437c52a885b7
Webエンジニア,株式会社成光工業,None information,在宅OK in 神奈川県 川崎市 川崎区 浅野町,https://jp.indeed.com/%E4%BB%95%E4%BA%8B?jk=86bbfdb8bf4756ef
Webエンジニア,スパイスファクトリー株式会社 スパイスファクトリー本社,月給 32万円 ~ 48万円,東京都 台東区 浅草橋,https://jp.indeed.com/%E4%BB%95%E4%BA%8B?jk=268bdbfaeba056f4
【山口】システムエンジニア/未経験/inc268,合同会社increase,月給 20万円 ~ 25万円,山口県 山口市 惣太夫町,https://jp.indeed.com/%E4%BB%95%E4%BA%8B?jk=32afa8f41e8b8fa8
システムエンジニア,株式会社Good Lab(グッドラボ),月給 25万円 ~ 60万円,大阪府 大阪市 中央区,https://jp.indeed.com/%E4%BB%95%E4%BA%8B?jk=9a9be0df4c79af2c
プログラマ,クロスソル株式会社,月給 28万円 ~ 35万円,東京都 千代田区 九段下駅,https://jp.indeed.com/%E4%BB%95%E4%BA%8B?jk=97fda4216dd2e31e
スマホアプリ,社名非公開,月給 60万円,京都府,https://jp.indeed.com/%E4%BB%95%E4%BA%8B?jk=ed49babab71f133a
【山口】プログラマー/未経験/inc221,合同会社increase,月給 20万円 ~ 25万円,山口県 山口市 惣太夫町,https://jp.indeed.com/%E4%BB%95%E4%BA%8B?jk=9b2e2a0978749d74
Reactエンジニア,株式会社セルバ,None information,在宅OK in 山口県 山口市,https://jp.indeed.com/%E4%BB%95%E4%BA%8B?jk=abc2b432d45c94a4
フルリモート可/【マークアップ】新規LP/サイト制作|業務委託|精算基準時間:140時間~180時間/マークアップエンジ...,レバテッククリエイター,月給 50万円,在宅OK in 神奈川県,https://jp.indeed.com/%E4%BB%95%E4%BA%8B?jk=0ffce56d7e887efc
【フロントエンジニア / JavaScript】,identity Inc.,月給 55万円 ~ 65万円,在宅OK in 東京都 豊島区 池袋駅,https://jp.indeed.com/%E4%BB%95%E4%BA%8B?jk=4bc3501378174aa0
JavaScript、React Webシステム開発,株式会社PE-BANK,None information,北海道 札幌市,https://jp.indeed.com/%E4%BB%95%E4%BA%8B?jk=8900e7281f7f3a43
プロジェクトリーダー,株式会社Wisdom Key,月給 35万円 ~ 50万円,福岡県 福岡市 博多区 大博町,https://jp.indeed.com/%E4%BB%95%E4%BA%8B?jk=c9dde5f1f1657a34
エンジニア,株式会社KASOL,月給 23万円 ~ 45万円,福岡県 福岡市 博多区,https://jp.indeed.com/%E4%BB%95%E4%BA%8B?jk=a3c1374e0d85fcee
クラウドBIM/CIMサービス提供企業,株式会社 Legame,月給 30万円 ~ 35万円,東京都 豊島区 池袋,https://jp.indeed.com/%E4%BB%95%E4%BA%8B?jk=d0857da3a644e68a
"【リモート勤務】マークアップエンジニア_Javascript,HTML,CSS",(株)エンジニアシップ,月給 40万円 ~ 50万円,在宅OK in 東京都 23区,https://jp.indeed.com/%E4%BB%95%E4%BA%8B?jk=011ebf5577ed0fb2
【未経験可】イチから成長できる!プログラマー(研修期間3ヶ月),株式会社ユニゾン・テクノロジー,月給 26万円 ~ 56万円,東京都 千代田区 永田町駅,https://jp.indeed.com/%E4%BB%95%E4%BA%8B?jk=810bf60e44685a13
"エンジニア""",株式会社C-mind,月給 45万円 ~ 70万円,福岡県 福岡市 博多区その他の勤務地(3),https://jp.indeed.com/%E4%BB%95%E4%BA%8B?jk=defcdbd3a080a759
開発エンジニア,SKer株式会社,月給 30.9万円 ~ 72.9万円,神奈川県 横浜市 中区,https://jp.indeed.com/%E4%BB%95%E4%BA%8B?jk=05c722306fa85fb8
フロントエンドエンジニア,株式会社BrandingEngineer,月給 35万円 ~ 60万円,大阪府 大阪市 淀川区,https://jp.indeed.com/%E4%BB%95%E4%BA%8B?jk=1c6f41855fc864fc
フロントエンドエンジニア(eventos),bravesoft株式会社,年収 400万円 ~ 600万円,東京都,https://jp.indeed.com/%E4%BB%95%E4%BA%8B?jk=12253a15f34412a1
Pythonエンジニア,ZETA株式会社,月給 24.7万円 ~ 66.7万円,東京都 世田谷区 三軒茶屋,https://jp.indeed.com/%E4%BB%95%E4%BA%8B?jk=dea3ffee385800b0
【山口】ITエンジニア/未経験/inc174,合同会社increase,月給 20万円 ~ 25万円,山口県 山口市 惣太夫町,https://jp.indeed.com/%E4%BB%95%E4%BA%8B?jk=515101370e8c045f
今大注目のスキルを未経験から取得できる!Webシステム開発エンジニア(14791),株式会社UZUZ,月給 21.5万円,東京都 新宿区 高田馬場駅,https://jp.indeed.com/%E4%BB%95%E4%BA%8B?jk=b26f7a38756ca4d2
エンジニア・プログラマー,株式会社Growship,"時給 1,100円 ~ 5,000円",愛知県 名古屋市その他の勤務地(1),https://jp.indeed.com/%E4%BB%95%E4%BA%8B?jk=ef6d269e1699d7de
将来性抜群!!最先端のIoT・Webアプリケーションエンジニア(未経験応援),株式会社ビックボイス,月給 20万円 ~ 50万円,北海道 苫小牧市,https://jp.indeed.com/%E4%BB%95%E4%BA%8B?jk=178d5ce3bc85b2c6
大手トレーニングジムの統合アプリフロントエンドエンジニア(React),株式会社Senyou,"時給 4,000円 ~ 5,000円",山口県 山口市その他の勤務地(46),https://jp.indeed.com/%E4%BB%95%E4%BA%8B?jk=9676b6fce8e310fd
プログラマー,株式会社セイル,月給 22万円 ~ 100万円,東京都 港区 南青山,https://jp.indeed.com/%E4%BB%95%E4%BA%8B?jk=d2b9b6887a2d82b3
【React・TypeScript/週4日~/フルリモート】フロントエンド開発業務案件,株式会社クラウドワークス,月給 64.8万円,大阪府 大阪市 浪速区 なんば駅,https://jp.indeed.com/%E4%BB%95%E4%BA%8B?jk=b9aed6d906dc71f0
【実務未経験、第2新卒歓迎】リクルートグループ案件におけるフロントエンジニア,株式会社ニジボックス,None information,東京都 中央区 築地駅,https://jp.indeed.com/%E4%BB%95%E4%BA%8B?jk=ae06f720d1c9e4a8
フレームワーク,株式会社テコテック,None information,東京都 港区 赤坂,https://jp.indeed.com/%E4%BB%95%E4%BA%8B?jk=d1fcc71f86a10ba7
システムエンジニア,社名非公開,月給 65万円,京都府,https://jp.indeed.com/%E4%BB%95%E4%BA%8B?jk=c3b6c7daf76051ca
Javascriptプログラマー,株式会社コルサント,月給 20万円 ~ 32万円,北海道 札幌市,https://jp.indeed.com/%E4%BB%95%E4%BA%8B?jk=438be6d0c1f35e77
フロントエンドエンジニア,株式会社KAMING,月給 35万円 ~ 70万円,在宅OK in 東京都 23区,https://jp.indeed.com/%E4%BB%95%E4%BA%8B?jk=1286935ab1042db8
副業エンジニア/スキルを活かして副収入!,株式会社Olive,月給 30万円 ~ 100万円,在宅OK in 東京都 渋谷区 渋谷駅,https://jp.indeed.com/%E4%BB%95%E4%BA%8B?jk=b9a20ed730d58b8b
3D処理サーバ開発,株式会社 Legame,月給 30万円 ~ 35万円,東京都 豊島区 池袋,https://jp.indeed.com/%E4%BB%95%E4%BA%8B?jk=2671ad09307ecb35
【2023年新卒】将来性抜群!!最先端のIoT・Webアプリケーションエンジニア,株式会社ビックボイス,月給 20万円 ~ 50万円,北海道 札幌市その他の勤務地(1),https://jp.indeed.com/%E4%BB%95%E4%BA%8B?jk=8333e80cf225254e
Webエンジニア,株式会社N2i,None information,愛知県 名古屋市 中区 丸の内,https://jp.indeed.com/%E4%BB%95%E4%BA%8B?jk=f23384147deb8174
システムエンジニア,gooMet合同会社,月給 24万円 ~ 50万円,東京都 新宿区 新宿,https://jp.indeed.com/%E4%BB%95%E4%BA%8B?jk=9a4e2af310449ce7
ショッピングECのフロントエンド,株式会社ビズリンク,月給 65万円,東京都 渋谷区 渋谷駅,https://jp.indeed.com/%E4%BB%95%E4%BA%8B?jk=f09de37f0d7a4911
システムエンジニア,マクロシステム株式会社,年収 420万円 ~ 600万円,東京都 新宿区 西新宿,https://jp.indeed.com/%E4%BB%95%E4%BA%8B?jk=0da24b9a18e41ab2
フロントエンジニア,株式会社BANANA,"年収 260万円 ~ 1,000万円",東京都 港区 南青山,https://jp.indeed.com/%E4%BB%95%E4%BA%8B?jk=ca5825a939d1db66
<時短/副業やWワークとして>シニア:ソフトウェアエンジニア<契約形態相談 >,スパトレ株式会社,"年収 800万円 ~ 1,500万円",在宅OK in 東京都 千代田区 大手町,https://jp.indeed.com/%E4%BB%95%E4%BA%8B?jk=fd34f700e52692d7
SE(システムエンジニア),株式会社GoQSystem,月給 22万円 ~ 45万円,広島県 広島市 中区 大手町その他の勤務地(1),https://jp.indeed.com/%E4%BB%95%E4%BA%8B?jk=4c7f2747ab711167
Webコーダー/Webデザイナー/Webディレクター,株式会社アルス・ノヴァ,月給 25万円 ~ 60万円,福岡県 福岡市 中央区 天神駅,https://jp.indeed.com/%E4%BB%95%E4%BA%8B?jk=1472437c52a885b7
WEBエンジニア・アプリエンジニア,株式会社WINQER,月給 24万円 ~ 40万円,大阪府 大阪市,https://jp.indeed.com/%E4%BB%95%E4%BA%8B?jk=268bf95ca6d77bf5
Software Engineer (Internship) – Mercari Group,株式会社メルカリ,None information,東京都 港区 六本木,https://jp.indeed.com/%E4%BB%95%E4%BA%8B?jk=3cbf70e1bf40c4b8
システムエンジニア、プログラマー,株式会社クロスモア,月給 20万円 以上,京都府 京都市 下京区 烏丸駅,https://jp.indeed.com/%E4%BB%95%E4%BA%8B?jk=8842c4ac6b62c954
IT職,株式会社ナカガワ　総務部,月給 23.5万円 ~ 38.5万円,奈良県 大和高田市,https://jp.indeed.com/%E4%BB%95%E4%BA%8B?jk=6d5078a6305fc7ae
【Vue.js/React/PHP】国内・海外展開しているWebサービスのフロントエンド開発業務|赤羽橋,株式会社ビズリンク,月給 60万円 ~ 70万円,ハイブリッド勤務 in 東京都 港区 赤羽橋駅,https://jp.indeed.com/%E4%BB%95%E4%BA%8B?jk=9adffe93af69290c
"エンジニア""",株式会社C-mind,月給 45万円 ~ 70万円,福岡県 福岡市 博多区その他の勤務地(3),https://jp.indeed.com/%E4%BB%95%E4%BA%8B?jk=defcdbd3a080a759
フロントエンジニアとしてWebコンテンツ(react.js)を開発,株式会社ビズリンク,月給 75万円,東京都 港区 新橋,https://jp.indeed.com/%E4%BB%95%E4%BA%8B?jk=d1eb21a7b9a30d6d
【佐賀】システムエンジニア/未経験/inc276,合同会社increase,月給 20万円 ~ 25万円,佐賀県 佐賀市 駅前中央,https://jp.indeed.com/%E4%BB%95%E4%BA%8B?jk=8c5ba793715523c2
洋服がもっと楽しくなる、ユーザー体験をつくるデザイナー!,株式会社キーザンキーザン,月給 30万円 ~ 38万円,大阪府 大阪市 西区 立売堀,https://jp.indeed.com/%E4%BB%95%E4%BA%8B?jk=64a9900902f9c6a6
未経験からのWebエンジニア!今は知識や経験がなくても独自研修でスキルが身につく!,株式会社エンジン インキュベーション,月給 20万円 以上,東京都 渋谷区 渋谷駅,https://jp.indeed.com/%E4%BB%95%E4%BA%8B?jk=9e4a75f0063ee82c
プログラマー,VoicePing株式会社,年収 450万円 ~ 650万円,東京都 港区 竹芝駅,https://jp.indeed.com/%E4%BB%95%E4%BA%8B?jk=a8363122a02ee983
SE(システムエンジニア),合同会社crypvo,月給 26万円 ~ 65万円,東京都 豊島区 池袋,https://jp.indeed.com/%E4%BB%95%E4%BA%8B?jk=37cc91efdf4019c4
【2023年新卒】未経験からのIoT、AI、VR等の最先端のテクノ ロジーエンジニア,株式会社ビックボイス,月給 20万円 ~ 50万円,東京都 23区,https://jp.indeed.com/%E4%BB%95%E4%BA%8B?jk=75cd02a43bce9ea1
未経験からのIoT、AI、VR等の最先端のテクノ ロジーエンジニア(未経験応援),株式会社ビックボイス,月給 20万円 ~ 50万円,北海道 札幌市,https://jp.indeed.com/%E4%BB%95%E4%BA%8B?jk=35e92d5c440248e0
(札幌)フルスタックエンジニア_未経験枠/インターネット/Webサービス・ASP,株式会社 BTM,年収 300万円 ~ 400万円,北海道 札幌市 中央区 北三条西,https://jp.indeed.com/%E4%BB%95%E4%BA%8B?jk=55bc028a474e75f0
自社開発フロントエンドエンジニア,atocos株式会社,"年収 500万円 ~ 1,000万円",神奈川県 横浜市 西区 みなとみらい,https://jp.indeed.com/%E4%BB%95%E4%BA%8B?jk=7f6552e4d66da9cb
プログラマ,クロスソル株式会社,月給 28万円 ~ 35万円,東京都 千代田区 九段下駅,https://jp.indeed.com/%E4%BB%95%E4%BA%8B?jk=97fda4216dd2e31e
フロントエンドエンジニア,株式会社COLSIS札幌事務所,月給 42万円,北海道 札幌市 中央区,https://jp.indeed.com/%E4%BB%95%E4%BA%8B?jk=a22fc71930b61b81
PIXTA シニアWebアプリケーションエンジニア,ピクスタ株式会社,年収 600万円 ~ 750万円,東京都 渋谷区 渋谷,https://jp.indeed.com/%E4%BB%95%E4%BA%8B?jk=707f36adf2152a74
リードエンジニア,テモナ株式会社,"年収 600万円 ~ 1,000万円",東京都 渋谷区 渋谷,https://jp.indeed.com/%E4%BB%95%E4%BA%8B?jk=fd282af7589f4fe4
Webエンジニア(フロントエンド)/Web Engineer (Frontend),株式会社スタイルポート,None information,東京都 渋谷区 神宮前,https://jp.indeed.com/%E4%BB%95%E4%BA%8B?jk=a2d9d27ca016ade3
フロントエンドエンジニア,株式会社エニセンス,None information,福岡県 福岡市 中央区 天神,https://jp.indeed.com/%E4%BB%95%E4%BA%8B?jk=85aff6c7777ff36c
【フルリモート!React】旅行・ライフスタイルWEBメディアのフロントエンジニア,トラベルブック株式会社,"年収 420万円 ~ 1,000万円",在宅OK in 東京都 中央区,https://jp.indeed.com/%E4%BB%95%E4%BA%8B?jk=40b8a76f310cde89
Web Application Engineer (Frontend),RESTAR株式会社,"年収 500万円 ~ 1,200万円",東京都 港区 港南,https://jp.indeed.com/%E4%BB%95%E4%BA%8B?jk=5b86d59a453fc089
フルリモート|【TypeScript/Vue/React】自社BaaSサービスのフロントエンドエンジニア募集|新宿|No...,非公開,月給 70万円,東京都 新宿区,https://jp.indeed.com/%E4%BB%95%E4%BA%8B?jk=8eec9dd12dc10524
【インターンシップ】WEB IT/ソフトウェア,MIL株式会社,"時給 1,500円 ~ 2,000円",東京都 新宿区 新宿,https://jp.indeed.com/%E4%BB%95%E4%BA%8B?jk=b78780885f698bb9
【インターンシップ】教育 IT/ソフトウェア,株式会社メイツ,"時給 1,200円 ~ 2,000円",東京都 新宿区 高田馬場,https://jp.indeed.com/%E4%BB%95%E4%BA%8B?jk=e75bb13d72bc21c5
システムエンジニア,ジャパンロッソ株式会社,月給 25万円 ~ 30万円,北海道 札幌市 中央区 大通西,https://jp.indeed.com/%E4%BB%95%E4%BA%8B?jk=68c182a5297fbf2c
Androidアプリエンジニア/インターネット/Webサービス・ASP,ウェルスタイル 株式会社,年収 300万円 ~ 900万円,東京都 渋谷区 恵比寿,https://jp.indeed.com/%E4%BB%95%E4%BA%8B?jk=ddf79d471fb04d4e
【2023年新卒】将来性抜群!!最先端のIoT・Webアプリケーションエンジニア,株式会社ビックボイス,月給 20万円 ~ 50万円,東京都 町田市その他の勤務地(1),https://jp.indeed.com/%E4%BB%95%E4%BA%8B?jk=d8c179f11396d883
フロントエンドエンジニア,株式会社KAMING,月給 35万円 ~ 70万円,在宅OK in 東京都 23区,https://jp.indeed.com/%E4%BB%95%E4%BA%8B?jk=1286935ab1042db8
Webエンジニア (正社員),株式会社ツクリエ,月給 22万円 ~ 45万円,広島県 広島市 西区 横川町,https://jp.indeed.com/%E4%BB%95%E4%BA%8B?jk=322c061533c18b94
SE(システムエンジニア),株式会社エーアイスミス,月給 18万円 ~ 50万円,大阪府 大阪市 北区 曽根崎その他の勤務地(1),https://jp.indeed.com/%E4%BB%95%E4%BA%8B?jk=099878547bc7e132
アプリケーションエンジニア,株式会社AnchorZ,年収 500万円,東京都 台東区 浅草橋,https://jp.indeed.com/%E4%BB%95%E4%BA%8B?jk=26e8fb32c0a608f8
iOSアプリケーションエンジニア,株式会社grabss,None information,東京都 世田谷区 三軒茶屋駅,https://jp.indeed.com/%E4%BB%95%E4%BA%8B?jk=01540fd9d3ce5af6
【佐賀】ITエンジニア/未経験/inc182,合同会社increase,月給 20万円 ~ 25万円,佐賀県 佐賀市 駅前中央,https://jp.indeed.com/%E4%BB%95%E4%BA%8B?jk=b7b8fd253fab2318
システムエンジニア,gooMet合同会社,月給 24万円 ~ 50万円,東京都 新宿区 新宿,https://jp.indeed.com/%E4%BB%95%E4%BA%8B?jk=9a4e2af310449ce7
【Python/一部リモート/新宿御苑前】DX支援Webアプリケーション開発,株式会社Olive,None information,在宅OK in 東京都 新宿区 新宿御苑前駅,https://jp.indeed.com/%E4%BB%95%E4%BA%8B?jk=70dfff0dd88b7811
【未経験枠】WEBプログラマー/リモート研修最長3か月,株式会社エンライズコーポレーション,月給 22.5万円 ~ 25.0万円,東京都 渋谷区その他の勤務地(3),https://jp.indeed.com/%E4%BB%95%E4%BA%8B?jk=f8573b15b4dfc27f
フロントエンドエンジニア,弁護士ドットコム株式会社,年収 400万円 ~ 700万円,東京都 港区 六本木,https://jp.indeed.com/%E4%BB%95%E4%BA%8B?jk=51151eb51568d39f
"フロントエンドWebエンジニア(html,CSS,JavaScript)#未経験OK!",株式会社SEアシスト,月給 17万円 ~ 50万円,福岡県 福岡市 博多区,https://jp.indeed.com/%E4%BB%95%E4%BA%8B?jk=2b7ff1be1e7cf3d3
【0から目指せるWebエンジニア】#未経験可 # 正社員 # 大阪,株式会社バウンステクノロジー,月給 20万円 ~ 30万円,大阪府 大阪市,https://jp.indeed.com/%E4%BB%95%E4%BA%8B?jk=14842d7f6a3f213a
フロントエンドエンジニア(ラクスル),ラクスル株式会社,None information,東京都 品川区 上大崎,https://jp.indeed.com/%E4%BB%95%E4%BA%8B?jk=30e28d1cf9a5834d
その他コンピュータ関連職,株式会社 EeeeG,月給 30万円,東京都 港区 浜松町,https://jp.indeed.com/%E4%BB%95%E4%BA%8B?jk=2291ebd4f78e7828
ゲームテスター/デバッガー,合同会社 テックソリューションズ,月給 50万円 ~ 110万円,東京都 練馬区 豊玉北,https://jp.indeed.com/%E4%BB%95%E4%BA%8B?jk=c1bec367307a38d2
【滋賀】プログラマー/未経験/inc212,合同会社increase,月給 20万円 ~ 25万円,滋賀県 大津市 春日町,https://jp.indeed.com/%E4%BB%95%E4%BA%8B?jk=0f64c54d8017ac5f
ITエンジニア,株式会社Empire,月給 30万円 ~ 90万円,東京都 港区 田町駅,https://jp.indeed.com/%E4%BB%95%E4%BA%8B?jk=5841fc0b4e57ec0f
